ID,Type,UGS,"GTIN, UPC, EAN ou ISBN",Nom,Publié,"Mis en avant ?","Visibilité dans le catalogue","Description courte",Description,"Date de début de promo","Date de fin de promo","État de la TVA","Classe de TVA","En stock ?",Stock,"Montant de stock faible","Autoriser les commandes de produits en rupture ?","Vendre individuellement ?","Poids (kg)","Longueur (cm)","Largeur (cm)","Hauteur (cm)","Autoriser les avis clients ?","Note de commande","Tarif promo","Tarif régulier",Catégories,Étiquettes,"Classe d’expédition",Images,"Limite de téléchargement","Jours d’expiration du téléchargement",Parent,"Groupes de produits","Produits suggérés","Ventes croisées","URL externe","Libellé du bouton",Position,Marques,"Nom de l’attribut 1","Valeur(s) de l’attribut 1","Attribut 1 visible","Attribut 1 global"
7425,simple,5664,,"Pintade braisé aux fines herbes",1,0,visible,,,,,taxable,,1,,,0,0,,,,,0,,,7000,Volailles,,,,,,,,,,,,0,
7426,simple,5665,,"Côtelettes d'agneau grillées",1,0,visible,,,,,taxable,,1,,,0,0,,,,,0,,,6000,Viandes,,,,,,,,,,,,0,
7427,simple,5666,,"Emincé de boeuf provençal",1,0,visible,,,,,taxable,,1,,,0,0,,,,,0,,,5000,Viandes,,,,,,,,,,,,0,
7428,simple,5667,,"Emincé de boeuf à la crême",1,0,visible,,,,,taxable,,1,,,0,0,,,,,0,,,5000,Viandes,,,,,,,,,,,,0,
7429,simple,5668,,"Rognons provençal",1,0,visible,,,,,taxable,,1,,,0,0,,,,,0,,,5500,Viandes,,,,,,,,,,,,0,
7430,simple,5669,,"Rognons sauté aux champignons",1,0,visible,,,,,taxable,,1,,,0,0,,,,,0,,,5500,Viandes,,,,,,,,,,,,0,
7431,simple,5661,,"MUG (230 ml)",1,0,visible,,,,,taxable,,1,,,0,0,,,,,0,,,1500,"Cafe nespresso vertuo",,,,,,,,,,,,0,
7432,simple,5662,,"Retour de pêche",1,0,visible,,"Poisson du jour : bar, dorade, tilapia",,,taxable,,1,,,0,0,,,,,0,,,6500,Poissons,,,,,,,,,,,,0,
7433,simple,5663,,"Poulet yassa",1,0,visible,,,,,taxable,,1,,,0,0,,,,,0,,,6500,Volailles,,,,,,,,,,,,0,
7434,simple,5660,,"LONGO (150 ml)",1,0,visible,,,,,taxable,,1,,,0,0,,,,,0,,,1000,"Cafe nespresso vertuo",,,,,,,,,,,,0,
7435,simple,4689,,Muscador,1,0,visible,,,,,taxable,,1,,,0,0,0.205,10,12,0.205,0,,,7500,Vins,MOUSSEUX,,,,,,,,,,,0,
7436,simple,5649,,"Mouton cadet",1,0,visible,,,,,taxable,,1,,,0,0,,,,,0,,,10000,Vins,,,,,,,,,,,,0,
7437,simple,4675,,"Noble Cru Blanc",1,0,visible,,,,,taxable,,1,,,0,0,0.191,10,12,0.191,0,,,7000,Vins,MOELLEUX,,,,,,,,,,,0,
7438,simple,5650,,PERRIER,1,0,visible,,,,,taxable,,1,,,0,0,,,,,0,,,1500,Vins,,,,,,,,,,,,0,
7439,simple,4676,,"Noble Cru Rouge (Merlot)",1,0,visible,,,,,taxable,,1,,,0,0,0.192,10,12,0.192,0,,,6000,Vins,AUTRES,,,,,,,,,,,0,
7440,simple,5651,,"MILK SHAKES TOPPING",1,0,visible,,,,,taxable,,1,,,0,0,,,,,0,,,5000,Autres,,,,,,,,,,,,0,
7441,simple,4677,,"Baron d'Arignac (Rouge/Blanc)",1,0,visible,,,,,taxable,,1,,,0,0,0.193,10,12,0.193,0,,,5000,Vins,AUTRES,,,,,,,,,,,0,
7442,simple,5652,,"BLACK COFFEE",1,0,visible,,"Café noir",,,taxable,,1,,,0,0,,,,,0,,,1000,"Boissons chaudes",,,,,,,,,,,,0,
7443,simple,4678,,"Journée Spéciale",1,0,visible,,,,,taxable,,1,,,0,0,0.194,10,12,0.194,0,,,5000,Vins,AUTRES,,,,,,,,,,,0,
7444,simple,5653,,"WHITE COFFEE",1,0,visible,,"Café blanc",,,taxable,,1,,,0,0,,,,,0,,,1500,"Boissons chaudes",,,,,,,,,,,,0,
7445,simple,4679,,"J.P Chenet  (Rosé)",1,0,visible,,,,,taxable,,1,,,0,0,0.195,10,12,0.195,0,,,6000,Vins,AUTRES,,,,,,,,,,,0,
7446,simple,5654,,MOCCACCINO,1,0,visible,,"Expresso, Chocolat, Lait",,,taxable,,1,,,0,0,,,,,0,,,1500,"Boissons chaudes",,,,,,,,,,,,0,
7447,simple,4680,,"J.P Chenet  (Blanc)",1,0,visible,,,,,taxable,,1,,,0,0,0.196,10,12,0.196,0,,,6000,Vins,AUTRES,,,,,,,,,,,0,
7448,simple,5655,,"LATTE MACCHIATO",1,0,visible,,"Espresso, Lait, Mousse de Lait",,,taxable,,1,,,0,0,,,,,0,,,1500,"Boissons chaudes",,,,,,,,,,,,0,
7449,simple,4681,,"Hugo (Rosé)",1,0,visible,,,,,taxable,,1,,,0,0,0.197,10,12,0.197,0,,,5000,Vins,AUTRES,,,,,,,,,,,0,
7450,simple,5656,,"HOT CHOCOLATE",1,0,visible,,"Chocolat chaud",,,taxable,,1,,,0,0,,,,,0,,,1500,"Boissons chaudes",,,,,,,,,,,,0,
7451,simple,4682,,"Prince Julien",1,0,visible,,,,,taxable,,1,,,0,0,0.198,10,12,0.198,0,,,5000,Vins,AUTRES,,,,,,,,,,,0,
7452,simple,5657,,CHOCOMILK,1,0,visible,,"Chocolat au lait",,,taxable,,1,,,0,0,,,,,0,,,1500,"Boissons chaudes",,,,,,,,,,,,0,
7453,simple,4683,,"Duchesse (Tradition)",1,0,visible,,,,,taxable,,1,,,0,0,0.199,10,12,0.199,0,,,12000,Vins,AUTRES,,,,,,,,,,,0,
7454,simple,5658,,"MILK TEA",1,0,visible,,"Thé au lait à la cardamone",,,taxable,,1,,,0,0,,,,,0,,,1500,"Boissons chaudes",,,,,,,,,,,,0,
7485,simple,4684,,"OPERA (Brut)",1,0,visible,,,,,taxable,,1,,,0,0,0.2,10,12,0.2,0,,,12000,Vins,MOUSSEUX,,,,,,,,,,,0,
7486,simple,5659,,"LEMON TEA",1,0,visible,,"Thé au citron",,,taxable,,1,,,0,0,,,,,0,,,1000,"Boissons chaudes",,,,,,,,,,,,0,
7487,simple,4685,,"OPERA (Demi-sec)",1,0,visible,,,,,taxable,,1,,,0,0,0.201,10,12,0.201,0,,,12000,Vins,MOUSSEUX,,,,,,,,,,,0,
7488,simple,4686,,"DUCHESSE (Brut et Rosé)",1,0,visible,,,,,taxable,,1,,,0,0,0.202,10,12,0.202,0,,,12000,Vins,MOUSSEUX,,,,,,,,,,,0,
7489,simple,4687,,"J.P Chenet (Blanc)",1,0,visible,,,,,taxable,,1,,,0,0,0.203,10,12,0.203,0,,,10000,Vins,MOUSSEUX,,,,,,,,,,,0,
7490,simple,4688,,"J.P Chenet (Rosé)",1,0,visible,,,,,taxable,,1,,,0,0,0.204,10,12,0.204,0,,,7500,Vins,MOUSSEUX,,,,,,,,,,,0,
7491,simple,4673,,"Mouton Cadet Reserve",1,0,visible,,,,,taxable,,1,,,0,0,0.189,10,12,0.189,0,,,17500,Vins,BORDEAUX,,,,,,,,,,,0,
7492,simple,4674,,"Hacienda Casaréjo",1,0,visible,,,,,taxable,,1,,,0,0,0.19,10,12,0.19,0,,,5000,Vins,MOELLEUX,,,,,,,,,,,0,
7493,simple,4672,,"Château du Roc (Blanc )",1,0,visible,,,,,taxable,,1,,,0,0,0.188,10,12,0.188,0,,,7000,Vins,BORDEAUX,,,,,,,,,,,0,
7494,simple,4666,,"CAFFE LATTE",1,0,visible,,,,,taxable,,1,,,0,0,0.182,10,12,0.182,0,,,2000,Autres,"Boissons Chaudes",,,,,,,,,,,0,
7495,simple,4667,,"IRISH COFFEE",1,0,visible,,,,,taxable,,1,,,0,0,0.183,10,12,0.183,0,,,3000,Autres,"Boissons Chaudes",,,,,,,,,,,0,
7496,simple,4668,,"THES ET INFUSIONS",1,0,visible,,,,,taxable,,1,,,0,0,0.184,10,12,0.184,0,,,1000,Autres,"Boissons Chaudes",,,,,,,,,,,0,
7497,simple,4669,,"Château Londres",1,0,visible,,,,,taxable,,1,,,0,0,0.185,10,12,0.185,0,,,8000,Vins,BORDEAUX,,,,,,,,,,,0,
7498,simple,4670,,"Château Fonfroide",1,0,visible,,,,,taxable,,1,,,0,0,0.186,10,12,0.186,0,,,8000,Vins,BORDEAUX,,,,,,,,,,,0,
7499,simple,4671,,"Château du Roc (Rouge)",1,0,visible,,,,,taxable,,1,,,0,0,0.187,10,12,0.187,0,,,7000,Vins,BORDEAUX,,,,,,,,,,,0,
7500,simple,4657,,"Milk Shake VANILLE",1,0,visible,,,,,taxable,,1,,,0,0,0.173,10,12,0.173,0,,,3000,"Aperitifs, Milkshakes","milk shakes",,,,,,,,,,,0,
7501,simple,4642,,ORIJIN,1,0,visible,,,,,taxable,,1,,,0,0,0.158,10,12,0.158,0,,,1500,"Bièrers importées, Bières",Apéro,,,,,,,,,,,0,
7502,simple,4658,,"Milk Shake CHOCOLAT",1,0,visible,,,,,taxable,,1,,,0,0,0.174,10,12,0.174,0,,,3000,"Aperitifs, Milkshakes","milk shakes",,,,,,,,,,,0,
7503,simple,4643,,SMIRNOFF,1,0,visible,,,,,taxable,,1,,,0,0,0.159,10,12,0.159,0,,,1500,"Bièrers importées, Bières",Apéro,,,,,,,,,,,0,
7504,simple,4659,,"Milk Shake FRAISE",1,0,visible,,,,,taxable,,1,,,0,0,0.175,10,12,0.175,0,,,3000,"Aperitifs, Milkshakes","milk shakes",,,,,,,,,,,0,
7505,simple,4644,,"RED BULL",1,0,visible,,,,,taxable,,1,,,0,0,0.16,10,12,0.16,0,,,1500,"Bièrers importées, Bières",Apéro,,,,,,,,,,,0,,,,,
7506,simple,4660,,"Milk Shake BANANA",1,0,visible,,,,,taxable,,1,,,0,0,0.176,10,12,0.176,0,,,3000,"Aperitifs, Milkshakes","milk shakes",,,,,,,,,,,0,,,,,
7507,simple,4645,,"DOUBLE SEVEN",1,0,visible,,,,,taxable,,1,,,0,0,0.161,10,12,0.161,0,,,800,"Bièrers importées, Bières",Apéro,,,,,,,,,,,0,,,,,
7508,simple,4661,,Glace,1,0,visible,,,,,taxable,,1,,,0,0,0.177,10,12,0.177,0,,,1000,Glaces,"milk shakes",,,,,,,,,,,0,,,,,
7509,simple,4646,,ORANGE,1,0,visible,,,,,taxable,,1,,,0,0,0.162,10,12,0.162,0,,,1500,"Aperitifs, Jus pressés","Jus Pressés",,,,,,,,,,,0,,,,,
7510,simple,4662,,ESPRESSO,1,0,visible,,,,,taxable,,1,,,0,0,0.178,10,12,0.178,0,,,1000,"Boissons chaudes","Boissons Chaudes",,,,,,,,,,,0,,,,,
7537,simple,4647,,ANANAS,1,0,visible,,,,,taxable,,1,,,0,0,0.163,10,12,0.163,0,,,1500,"Aperitifs, Jus pressés","Jus Pressés",,,,,,,,,,,0,,,,,
7538,simple,4663,,"DOUBLE ESPRESSO",1,0,visible,,,,,taxable,,1,,,0,0,0.179,10,12,0.179,0,,,2000,"Boissons chaudes","Boissons Chaudes",,,,,,,,,,,0,,,,,
7539,simple,4648,,PASTEQUE,1,0,visible,,,,,taxable,,1,,,0,0,0.164,10,12,0.164,0,,,1500,"Aperitifs, Jus pressés","Jus Pressés",,,,,,,,,,,0,,,,,
7540,simple,4664,,AMERICANO,1,0,visible,,,,,taxable,,1,,,0,0,0.18,10,12,0.18,0,,,1000,"Boissons chaudes","Boissons Chaudes",,,,,,,,,,,0,,,,,
7541,simple,4649,,CITRON,1,0,visible,,,,,taxable,,1,,,0,0,0.165,10,12,0.165,0,,,1500,"Aperitifs, Jus pressés","Jus Pressés",,,,,,,,,,,0,,,,,
7542,simple,4665,,CAPPUCINO,1,0,visible,,,,,taxable,,1,,,0,0,0.181,10,12,0.181,0,,,1500,"Boissons chaudes","Boissons Chaudes",,,,,,,,,,,0,,,,,
7543,simple,4650,,MANGUE,1,0,visible,,,,,taxable,,1,,,0,0,0.166,10,12,0.166,0,,,1500,"Aperitifs, Jus pressés","Jus Pressés",,,,,,,,,,,0,,,,,
7544,simple,4651,,COROSSOL,1,0,visible,,,,,taxable,,1,,,0,0,0.167,10,12,0.167,0,,,1500,"Aperitifs, Jus pressés","Jus Pressés",,,,,,,,,,,0,,,,,
7545,simple,4652,,"CRISTAL 0,5 L",1,0,visible,,,,,taxable,,1,,,0,0,0.168,10,12,0.168,0,,,500,"Aperitifs, Eaux Minérales","Eaux Minérales",,,,,,,,,,,0,,,,,
7546,simple,4637,,EKU,1,0,visible,,,,,taxable,,1,,,0,0,0.153,10,12,0.153,0,,,1500,Bières,Liqueurs,,,,,,,,,,,0,,,,,
7547,simple,4622,,XXL,1,0,visible,,,,,taxable,,1,,,0,0,0.138,10,12,0.138,0,,,1000,Sucreries,Téquilas,,,,,,,,,,,0,,,,,
7548,simple,4638,,"BEAUFORT Petit",1,0,visible,,,,,taxable,,1,,,0,0,0.154,10,12,0.154,0,,,1000,"Bières, Bières pression",Apéro,,,,,,,,,,,0,,,,,
7549,simple,4623,,"XXL MALT",1,0,visible,,,,,taxable,,1,,,0,0,0.139,10,12,0.139,0,,,1000,Sucreries,Téquilas,,,,,,,,,,,0,,,,,
7550,simple,4639,,BIG-JOE,1,0,visible,,,,,taxable,,1,,,0,0,0.155,10,12,0.155,0,,,2000,"Bières, Bières pression",Apéro,,,,,,,,,,,0,,,,,
7551,simple,4624,,CHAP,1,0,visible,,,,,taxable,,1,,,0,0,0.14,10,12,0.14,0,,,800,Sucreries,Vodka,,,,,,,,,,,0,,,,,
7552,simple,4640,,HEINEKEN,1,0,visible,,,,,taxable,,1,,,0,0,0.156,10,12,0.156,0,,,1500,"Bièrers importées, Bières",Apéro,,,,,,,,,,,0,,,,,
7553,simple,4625,,CASTEL,1,0,visible,,,,,taxable,,1,,,0,0,0.141,10,12,0.141,0,,,1200,Sucreries,Rhums,,,,,,,,,,,0,,,,,
7554,simple,4641,,DESPERADO,1,0,visible,,,,,taxable,,1,,,0,0,0.157,10,12,0.157,0,,,1500,"Bièrers importées, Bières",Apéro,,,,,,,,,,,0,,,,,
7555,simple,4626,,FLAG,1,0,visible,,,,,taxable,,1,,,0,0,0.142,10,12,0.142,0,,,1200,Bières,Rhums,,,,,,,,,,,0,,,,,
7556,simple,4627,,BEAUFORT,1,0,visible,,,,,taxable,,1,,,0,0,0.143,10,12,0.143,0,,,800,Bières,Rhums,,,,,,,,,,,0,,,,,
7557,simple,4628,,PILS,1,0,visible,,,,,taxable,,1,,,0,0,0.144,10,12,0.144,0,,,800,Bières,Rhums,,,,,,,,,,,0,,,,,
7558,simple,4629,,GUINESS,1,0,visible,,,,,taxable,,1,,,0,0,0.145,10,12,0.145,0,,,1000,Bières,Liqueurs,,,,,,,,,,,0,,,,,
7559,simple,4630,,DOPPEL,1,0,visible,,,,,taxable,,1,,,0,0,0.146,10,12,0.146,0,,,1200,Bières,Liqueurs,,,,,,,,,,,0,,,,,
7560,simple,4631,,CHILL,1,0,visible,,,,,taxable,,1,,,0,0,0.147,10,12,0.147,0,,,1200,Bières,Liqueurs,,,,,,,,,,,0,,,,,
7561,simple,4632,,TEQUILA,1,0,visible,,,,,taxable,,1,,,0,0,0.148,10,12,0.148,0,,,1200,Bières,Liqueurs,,,,,,,,,,,0,,,,,
7562,simple,4633,,RACINE,1,0,visible,,,,,taxable,,1,,,0,0,0.149,10,12,0.149,0,,,1200,Bières,Liqueurs,,,,,,,,,,,0,,,,,
7563,simple,4634,,DJAMA,1,0,visible,,,,,taxable,,1,,,0,0,0.15,10,12,0.15,0,,,800,Bières,Liqueurs,,,,,,,,,,,0,,,,,
7564,simple,4635,,"DJAMA 228 / PANACHE",1,0,visible,,,,,taxable,,1,,,0,0,0.151,10,12,0.151,0,,,1200,Bières,Liqueurs,,,,,,,,,,,0,,,,,
7565,simple,4636,,AWOOYO,1,0,visible,,,,,taxable,,1,,,0,0,0.152,10,12,0.152,0,,,1200,Bières,Liqueurs,,,,,,,,,,,0,,,,,
7566,simple,4621,,"SIROP + EAU ½ L",1,0,visible,,,,,taxable,,1,,,0,0,0.137,10,12,0.137,0,,,1000,Sucreries,Gins,,,,,,,,,,,0,,,,,
7597,simple,4612,,TONIC,1,0,visible,,,,,taxable,,1,,,0,0,0.128,10,12,0.128,0,,,500,"Boissons Mûries",Whiskies,,,,,,,,,,,0,,,,,
7598,simple,4613,,"COCA / LIGHT",1,0,visible,,,,,taxable,,1,,,0,0,0.129,10,12,0.129,0,,,500,Sucreries,Whiskies,,,,,,,,,,,0,,,,,
7599,simple,4614,,"COCKTAIL DE FRUITS",1,0,visible,,,,,taxable,,1,,,0,0,0.13,10,12,0.13,0,,,500,Sucreries,Whiskies,,,,,,,,,,,0,,,,,
7600,simple,4615,,SPRITE,1,0,visible,,,,,taxable,,1,,,0,0,0.131,10,12,0.131,0,,,500,Sucreries,Whiskies,,,,,,,,,,,0,,,,,
7601,simple,4616,,FANTA,1,0,visible,,,,,taxable,,1,,,0,0,0.132,10,12,0.132,0,,,500,Sucreries,Whiskies,,,,,,,,,,,0,,,,,
7602,simple,4617,,"SPORT ACTIF",1,0,visible,,,,,taxable,,1,,,0,0,0.133,10,12,0.133,0,,,500,Sucreries,Cognacs,,,,,,,,,,,0,,,,,
7603,simple,4618,,MALTA,1,0,visible,,,,,taxable,,1,,,0,0,0.134,10,12,0.134,0,,,500,Sucreries,Cognacs,,,,,,,,,,,0,,,,,
7604,simple,4619,,"MALTA GUINESS",1,0,visible,,,,,taxable,,1,,,0,0,0.135,10,12,0.135,0,,,500,Sucreries,Cognacs,,,,,,,,,,,0,,,,,
7605,simple,4620,,"SCHWEPPES / AGRUMES",1,0,visible,,,,,taxable,,1,,,0,0,0.136,10,12,0.136,0,,,500,Sucreries,Cognacs,,,,,,,,,,,0,,,,,
7606,simple,4607,,"LAURENT PERRIER Brut",1,0,visible,,,,,taxable,,1,,,0,0,0.123,10,12,0.123,0,,,35000,"Nos Champagnes",Whiskies,,,,,,,,,,,0,,,,,
7607,simple,4610,,BELAIRE,1,0,visible,,,,,taxable,,1,,,0,0,0.126,10,12,0.126,0,,,30000,"Nos Champagnes",Whiskies,,,,,,,,,,,0,,,,,
7608,simple,4611,,PROSSECO,1,0,visible,,,,,taxable,,1,,,0,0,0.127,10,12,0.127,0,,,15000,"Nos Champagnes",Whiskies,,,,,,,,,,,0,,,,,
7609,simple,4608,,"MOET ET CHANDON Brut",1,0,visible,,,,,taxable,,1,,,0,0,0.124,10,12,0.124,0,,,40000,"Nos Champagnes",Whiskies,,,,,,,,,,,0,,,,,
7610,variable,4522,,SCHNAPPS,1,0,visible,,,,,taxable,,0,,,0,0,0.43,10,12,0.43,0,,,,"Apéro\,Amers et Anisés",Apéro,,,,,,,,,,,0,,Taille,"Bouteille, Verre",1,0
7611,variable,4523,,SUZE,1,0,visible,,,,,taxable,,0,,,0,0,0.44,10,12,0.44,0,,,,"Apéro\,Amers et Anisés",Apéro,,,,,,,,,,,0,,Taille,"Bouteille, Verre",1,0
7612,variable,4524,,"MARTINI (blanc, rouge, rosé)",1,0,visible,,,,,taxable,,0,,,0,0,0.45,10,12,0.45,0,,,,"Apéro\,Amers et Anisés",Apéro,,,,,,,,,,,0,,Taille,"Bouteille, Verre",1,0
7613,variable,4511,,DRAMBUIE,1,0,visible,,,,,taxable,,0,,,0,0,0.32,10,12,0.32,0,,,,Liqueurs,Liqueurs,,,,,,,,,,,0,,Taille,"Bouteille, Verre",1,0
7614,variable,4512,,"GET 31",1,0,visible,,,,,taxable,,0,,,0,0,0.33,10,12,0.33,0,,,,Liqueurs,Liqueurs,,,,,,,,,,,0,,Taille,"Bouteille, Verre",1,0
7615,variable,4513,,BAILEY'S,1,0,visible,,,,,taxable,,0,,,0,0,0.34,10,12,0.34,0,,,,Liqueurs,Liqueurs,,,,,,,,,,,0,,Taille,"Bouteille, Verre",1,0
7616,variable,4514,,AMARULA,1,0,visible,,,,,taxable,,0,,,0,0,0.35,10,12,0.35,0,,,,Liqueurs,Liqueurs,,,,,,,,,,,0,,Taille,"Bouteille, Verre",1,0
7617,variable,4515,,CAMPARI,1,0,visible,,,,,taxable,,0,,,0,0,0.36,10,12,0.36,0,,,,"Apéro\,Amers et Anisés",Apéro,,,,,,,,,,,0,,Taille,"Bouteille, Verre",1,0
7618,variable,4516,,PASTIS,1,0,visible,,,,,taxable,,0,,,0,0,0.37,10,12,0.37,0,,,,"Apéro\,Amers et Anisés",Apéro,,,,,,,,,,,0,,Taille,"Bouteille, Verre",1,0
7619,variable,4517,,RICARD,1,0,visible,,,,,taxable,,0,,,0,0,0.38,10,12,0.38,0,,,,"Apéro\,Amers et Anisés",Apéro,,,,,,,,,,,0,,Taille,"Bouteille, Verre",1,0
7620,variable,4518,,DUBONNET,1,0,visible,,,,,taxable,,0,,,0,0,0.39,10,12,0.39,0,,,,"Apéro\,Amers et Anisés",Apéro,,,,,,,,,,,0,,Taille,"Bouteille, Verre",1,0
7621,variable,4519,,JAGERMEISTER,1,0,visible,,,,,taxable,,0,,,0,0,0.4,10,12,0.4,0,,,,"Apéro\,Amers et Anisés",Apéro,,,,,,,,,,,0,,Taille,"Bouteille, Verre",1,0
7622,variable,4520,,APEROL,1,0,visible,,,,,taxable,,0,,,0,0,0.41,10,12,0.41,0,,,,"Apéro\,Amers et Anisés",Apéro,,,,,,,,,,,0,,Taille,"Bouteille, Verre",1,0
7623,variable,4521,,PORTO,1,0,visible,,,,,taxable,,0,,,0,0,0.42,10,12,0.42,0,,,,"Apéro\,Amers et Anisés",Apéro,,,,,,,,,,,0,,Taille,"Bouteille, Verre",1,0
7624,variable,4508,,MALIBU,1,0,visible,,,,,taxable,,0,,,0,0,0.29,10,12,0.29,0,,,,Liqueurs,Liqueurs,,,,,,,,,,,0,,Taille,"Bouteille, Verre",1,0
7625,variable,4509,,"GRAND MARNIER",1,0,visible,,,,,taxable,,0,,,0,0,0.3,10,12,0.3,0,,,,Liqueurs,Liqueurs,,,,,,,,,,,0,,Taille,"Bouteille, Verre",1,0
7655,variable,4510,,"MARIE BRIZARD",1,0,visible,,,,,taxable,,0,,,0,0,0.31,10,12,0.31,0,,,,Liqueurs,Liqueurs,,,,,,,,,,,0,,Taille,"Bouteille, Verre",1,0
7656,variable,4495,,"REMY MARTIN",1,0,visible,,,,,taxable,,0,,,0,0,0.16,10,12,0.16,0,,,,Cognacs,Cognacs,,,,,,,,,,,0,,Taille,"Bouteille, Verre",1,0
7657,variable,4496,,COURVOISIER,1,0,visible,,,,,taxable,,0,,,0,0,0.17,10,12,0.17,0,,,,Cognacs,Cognacs,,,,,,,,,,,0,,Taille,"Bouteille, Verre",1,0
7658,variable,4497,,HENNESSY,1,0,visible,,,,,taxable,,0,,,0,0,0.18,10,12,0.18,0,,,,Cognacs,Cognacs,,,,,,,,,,,0,,Taille,"Bouteille, Verre",1,0
7659,variable,4498,,GORDON,1,0,visible,,,,,taxable,,0,,,0,0,0.19,10,12,0.19,0,,,,Gins,Gins,,,,,,,,,,,0,,Taille,"Bouteille, Verre",1,0
7660,variable,4499,,OLMECA,1,0,visible,,,,,taxable,,0,,,0,0,0.2,10,12,0.2,0,,,,Téquilas,Téquilas,,,,,,,,,,,0,,Taille,"Bouteille, Verre",1,0
7661,variable,4500,,ON/OFF,1,0,visible,,,,,taxable,,0,,,0,0,0.21,10,12,0.21,0,,,,Téquilas,Téquilas,,,,,,,,,,,0,,Taille,"Bouteille, Verre",1,0
7662,variable,4501,,ABSOLUT,1,0,visible,,,,,taxable,,0,,,0,0,0.22,10,12,0.22,0,,,,Téquilas,Vodka,,,,,,,,,,,0,,Taille,"Bouteille, Verre",1,0
7663,variable,4502,,"RHUM BLANC ST JAMES",1,0,visible,,,,,taxable,,0,,,0,0,0.23,10,12,0.23,0,,,,Rhums,Rhums,,,,,,,,,,,0,,Taille,"Bouteille, Verre",1,0
7664,variable,4503,,"RHUM BRUN ST JAMES",1,0,visible,,,,,taxable,,0,,,0,0,0.24,10,12,0.24,0,,,,Rhums,Rhums,,,,,,,,,,,0,,Taille,"Bouteille, Verre",1,0
7665,variable,4504,,BACARDI,1,0,visible,,,,,taxable,,0,,,0,0,0.25,10,12,0.25,0,,,,Rhums,Rhums,,,,,,,,,,,0,,Taille,"Bouteille, Verre",1,0
7666,variable,4505,,NEGRITA,1,0,visible,,,,,taxable,,0,,,0,0,0.26,10,12,0.26,0,,,,Rhums,Rhums,,,,,,,,,,,0,,Taille,"Bouteille, Verre",1,0
7667,variable,4506,,COINTREAU,1,0,visible,,,,,taxable,,0,,,0,0,0.27,10,12,0.27,0,,,,Liqueurs,Liqueurs,,,,,,,,,,,0,,Taille,"Bouteille, Verre",1,0
7668,variable,4507,,AMARETTO,1,0,visible,,,,,taxable,,0,,,0,0,0.28,10,12,0.28,0,,,,Liqueurs,Liqueurs,,,,,,,,,,,0,,Taille,"Bouteille, Verre",1,0
7669,variable,4492,,"BLACK LABEL",1,0,visible,,,,,taxable,,0,,,0,0,0.13,10,12,0.13,0,,,,Whiskies,Whiskies,,,,,,,,,,,0,,Taille,"Bouteille, Verre",1,0
7670,variable,4493,,"LABEL 5",1,0,visible,,,,,taxable,,0,,,0,0,0.14,10,12,0.14,0,,,,Whiskies,Whiskies,,,,,,,,,,,0,,Taille,"Bouteille, Verre",1,0
7671,variable,4494,,MARTELL,1,0,visible,,,,,taxable,,0,,,0,0,0.15,10,12,0.15,0,,,,Cognacs,Cognacs,,,,,,,,,,,0,,Taille,"Bouteille, Verre",1,0
7672,variable,4490,,DIMPLE,1,0,visible,,,,,taxable,,0,,,0,0,0.11,10,12,0.11,0,,,,Whiskies,Whiskies,,,,,,,,,,,0,,Taille,"Bouteille, Verre",1,0
7673,variable,4491,,"JACK GENTLEMAN",1,0,visible,,,,,taxable,,0,,,0,0,0.12,10,12,0.12,0,,,,Whiskies,Whiskies,,,,,,,,,,,0,,Taille,"Bouteille, Verre",1,0
7674,simple,4479,,"B 55",1,0,visible,,,,,taxable,,1,,,0,0,0.118,10,12,0.118,0,,,1500,Shots,Cocktails,,,,,,,,,,,0,,,,,
7675,simple,4480,,"COCAÏNE LIQUIDE",1,0,visible,,,,,taxable,,1,,,0,0,0.119,10,12,0.119,0,,,1500,Shots,Cocktails,,,,,,,,,,,0,,,,,
7676,simple,4481,,"KISS COOL",1,0,visible,,,,,taxable,,1,,,0,0,0.12,10,12,0.12,0,,,1500,Shots,Cocktails,,,,,,,,,,,0,,,,,
7677,simple,4482,,WSCIEKLYPIES,1,0,visible,,,,,taxable,,1,,,0,0,0.121,10,12,0.121,0,,,1500,Shots,Cocktails,,,,,,,,,,,0,,,,,
7678,simple,4483,,CUCARAÇA,1,0,visible,,,,,taxable,,1,,,0,0,0.122,10,12,0.122,0,,,1500,Shots,Cocktails,,,,,,,,,,,0,,,,,
7679,variable,4484,,"JACK DANIEL'S",1,0,visible,,,,,taxable,,0,,,0,0,0.5,10,12,0.5,0,,,,Whiskies,Whiskies,,,,,,,,,,,0,,Taille,"Bouteille, Verre",1,0
7680,variable,4485,,"RED LABEL",1,0,visible,,,,,taxable,,0,,,0,0,0.6,10,12,0.6,0,,,,Whiskies,Whiskies,,,,,,,,,,,0,,Taille,"Bouteille, Verre",1,0
7681,variable,4486,,JB,1,0,visible,,,,,taxable,,0,,,0,0,0.7,10,12,0.7,0,,,,Whiskies,Whiskies,,,,,,,,,,,0,,Taille,"Bouteille, Verre",1,0
7682,simple,4471,,"CATUS JACK",1,0,visible,,,,,taxable,,1,,,0,0,0.11,10,12,0.11,0,,,4000,"Cocktails / Boisson Alcoolisées",Cocktails,,,,,,,,,,,0,,,,,
7683,variable,4487,,BALLANTINES,1,0,visible,,,,,taxable,,0,,,0,0,0.8,10,12,0.8,0,,,,Whiskies,Whiskies,,,,,,,,,,,0,,Taille,"Bouteille, Verre",1,0
7684,simple,4472,,7,1,0,visible,,,,,taxable,,1,,,0,0,0.111,10,12,0.111,0,,,3000,"Cocktails / Boisson Alcoolisées",Cocktails,,,,,,,,,,,0,,,,,
7715,variable,4488,,"GLENFIDDICH 12",1,0,visible,,,,,taxable,,0,,,0,0,0.9,10,12,0.9,0,,,,Whiskies,Whiskies,,,,,,,,,,,0,,Taille,"Bouteille, Verre",1,0
7716,simple,4473,,"AKWAABA- WELCOME",1,0,visible,,,,,taxable,,1,,,0,0,0.112,10,12,0.112,0,,,1500,Shots,Cocktails,,,,,,,,,,,0,,,,,
7717,variable,4489,,"CHIVAS REGAL",1,0,visible,,,,,taxable,,0,,,0,0,0.1,10,12,0.1,0,,,,Whiskies,Whiskies,,,,,,,,,,,0,,Taille,"Bouteille, Verre",1,0
7718,simple,4474,,"CERVELLE DE SINGE",1,0,visible,,,,,taxable,,1,,,0,0,0.113,10,12,0.113,0,,,1500,Shots,Cocktails,,,,,,,,,,,0,,,,,
7719,simple,4462,,COSMOPOLITAIN,1,0,visible,,,,,taxable,,1,,,0,0,0.101,10,12,0.101,0,,,4000,"Cocktails / Boisson Alcoolisées",Cocktails,,,,,,,,,,,0,,,,,
7720,simple,4463,,"EL DIABLO",1,0,visible,,,,,taxable,,1,,,0,0,0.102,10,12,0.102,0,,,4000,"Cocktails / Boisson Alcoolisées",Cocktails,,,,,,,,,,,0,,,,,
7721,simple,4464,,"BLACK RUSSIAN",1,0,visible,,,,,taxable,,1,,,0,0,0.103,10,12,0.103,0,,,3000,"Cocktails / Boisson Alcoolisées",Cocktails,,,,,,,,,,,0,,,,,
7722,simple,4465,,"JAGER BOMBE",1,0,visible,,,,,taxable,,1,,,0,0,0.104,10,12,0.104,0,,,3000,"Cocktails / Boisson Alcoolisées",Cocktails,,,,,,,,,,,0,,,,,
7723,simple,4466,,"LONG ISLAND ICEDTEA",1,0,visible,,,,,taxable,,1,,,0,0,0.105,10,12,0.105,0,,,5000,"Cocktails / Boisson Alcoolisées",Cocktails,,,,,,,,,,,0,,,,,
7724,simple,4467,,"JACK SOUR",1,0,visible,,,,,taxable,,1,,,0,0,0.106,10,12,0.106,0,,,3000,"Cocktails / Boisson Alcoolisées",Cocktails,,,,,,,,,,,0,,,,,
7725,simple,4468,,ZOMBIE,1,0,visible,,,,,taxable,,1,,,0,0,0.107,10,12,0.107,0,,,5000,"Cocktails / Boisson Alcoolisées",Cocktails,,,,,,,,,,,0,,,,,
7726,simple,4469,,"SCREMING ORGASM",1,0,visible,,,,,taxable,,1,,,0,0,0.108,10,12,0.108,0,,,4000,"Cocktails / Boisson Alcoolisées",Cocktails,,,,,,,,,,,0,,,,,
7727,simple,4470,,"SOUS MARIN RUSSE",1,0,visible,,,,,taxable,,1,,,0,0,0.109,10,12,0.109,0,,,3000,"Cocktails / Boisson Alcoolisées",Cocktails,,,,,,,,,,,0,,,,,
7728,simple,4443,,INDIEN,1,0,visible,"Sirop de grenadine,Sodaà l'orange",,,,taxable,,1,,,0,0,0.82,10,12,0.82,0,,,2500,"Cocktails / Boisson sans Alcool",Cocktails,,,,,,,,,,,0,,,,,
7729,simple,4459,,"TEQUILA SUNRISE",1,0,visible,,,,,taxable,,1,,,0,0,0.98,10,12,0.98,0,,,3000,"Cocktails / Boisson Alcoolisées",Cocktails,,,,,,,,,,,0,,,,,
7730,simple,4444,,"VIRGIN MOJITO",1,0,visible,"Limonade,citron, feuille de menthe, sirop de canne",,,,taxable,,1,,,0,0,0.83,10,12,0.83,0,,,2500,"Cocktails / Boisson sans Alcool",Cocktails,,,,,,,,,,,0,,,,,
7731,simple,4460,,"BLUE LAGOON",1,0,visible,,,,,taxable,,1,,,0,0,0.99,10,12,0.99,0,,,3000,"Cocktails / Boisson Alcoolisées",Cocktails,,,,,,,,,,,0,,,,,
7732,simple,4445,,"BORA BORA",1,0,visible,"Jus de passion, jus d'ananas, citron, sirop degrenadine",,,,taxable,,1,,,0,0,0.84,10,12,0.84,0,,,2500,"Cocktails / Boisson sans Alcool",Cocktails,,,,,,,,,,,0,,,,,
7733,simple,4461,,"SEX ON THE BEACH",1,0,visible,,,,,taxable,,1,,,0,0,0.1,10,12,0.1,0,,,4000,"Cocktails / Boisson Alcoolisées",Cocktails,,,,,,,,,,,0,,,,,
7734,simple,4446,,"AFTER GLOW",1,0,visible,"Jusd'ananas, orange, sirop de grenadine",,,,taxable,,1,,,0,0,0.85,10,12,0.85,0,,,2500,"Cocktails / Boisson sans Alcool",Cocktails,,,,,,,,,,,0,,,,,
7735,simple,4447,,DIABOLO,1,0,visible,"Limonade, sirop de grenadine",,,,taxable,,1,,,0,0,0.86,10,12,0.86,0,,,2500,"Cocktails / Boisson sans Alcool",Cocktails,,,,,,,,,,,0,,,,,
7736,simple,4448,,"DANSEUSE DIVINE",1,0,visible,"Jus de mangue,poire, citron, sirop de cassis",,,,taxable,,1,,,0,0,0.87,10,12,0.87,0,,,2500,"Cocktails / Boisson sans Alcool",Cocktails,,,,,,,,,,,0,,,,,
7737,simple,4449,,"LOTUS BLUE",1,0,visible,"Jus de pamplemousse, tonic, sirop de menthe",,,,taxable,,1,,,0,0,0.88,10,12,0.88,0,,,2500,"Cocktails / Boisson sans Alcool",Cocktails,,,,,,,,,,,0,,,,,
7738,simple,4450,,"APEROL Spritz",1,0,visible,,,,,taxable,,1,,,0,0,0.89,10,12,0.89,0,,,4000,"Cocktails / Boisson Alcoolisées",Cocktails,,,,,,,,,,,0,,,,,
7739,simple,4451,,"KIR ROYAL",1,0,visible,,,,,taxable,,1,,,0,0,0.9,10,12,0.9,0,,,8000,"Cocktails / Boisson Alcoolisées",Cocktails,,,,,,,,,,,0,,,,,
7740,simple,4452,,MARGARITA,1,0,visible,,,,,taxable,,1,,,0,0,0.91,10,12,0.91,0,,,3000,"Cocktails / Boisson Alcoolisées",Cocktails,,,,,,,,,,,0,,,,,
7767,simple,4453,,CAIPIRINHA,1,0,visible,,,,,taxable,,1,,,0,0,0.92,10,12,0.92,0,,,3000,"Cocktails / Boisson Alcoolisées",Cocktails,,,,,,,,,,,0,,,,,
7768,simple,4454,,MOJITO,1,0,visible,,,,,taxable,,1,,,0,0,0.93,10,12,0.93,0,,,3000,"Cocktails / Boisson Alcoolisées",Cocktails,,,,,,,,,,,0,,,,,
7769,simple,4455,,MONACO,1,0,visible,,,,,taxable,,1,,,0,0,0.94,10,12,0.94,0,,,3000,"Cocktails / Boisson Alcoolisées",Cocktails,,,,,,,,,,,0,,,,,
7770,simple,4456,,"BLUE HAWAÏEN",1,0,visible,,,,,taxable,,1,,,0,0,0.95,10,12,0.95,0,,,4000,"Cocktails / Boisson Alcoolisées",Cocktails,,,,,,,,,,,0,,,,,
7771,simple,4457,,PINACOLADA,1,0,visible,,,,,taxable,,1,,,0,0,0.96,10,12,0.96,0,,,4000,"Cocktails / Boisson Alcoolisées",Cocktails,,,,,,,,,,,0,,,,,
7772,simple,4442,,"COCONUT LIPS",1,0,visible,"Lait de coco, jus d'ananas, sirop de framboise",,,,taxable,,1,,,0,0,0.81,10,12,0.81,0,,,2500,"Cocktails / Boisson sans Alcool",Cocktails,,,,,,,,,,,0,,,,,
7773,simple,4458,,"CUBA LIBRE",1,0,visible,,,,,taxable,,1,,,0,0,0.97,10,12,0.97,0,,,3000,"Cocktails / Boisson Alcoolisées",Cocktails,,,,,,,,,,,0,,,,,
7774,simple,4431,,Délica,1,0,visible,"Sauce tomate, fromage, champignon, poulet marinés aux épices, crème, olives",,,,taxable,,1,,,0,0,0.7,10,12,0.7,0,,,4500,Pizza,"Pizza terre",,,,,,,,,,,0,,,,,
7775,simple,4432,,Provençale,1,0,visible,"Sauce tomate, fromage, tomate fraîche en julienne, mozzarella, basilic, huile d’olive",,,,taxable,,1,,,0,0,0.71,10,12,0.71,0,,,4500,Pizza,"Pizza terre",,,,,,,,,,,0,,,,,
7776,simple,4433,,"3 Fromages",1,0,visible,"Sauce tomate, fromage, ail, mozzarella, emmental, bleu d’auvergne",,,,taxable,,1,,,0,0,0.72,10,12,0.72,0,,,5000,Pizza,"Pizza terre",,,,,,,,,,,0,,,,,
7777,simple,4434,,Fruitée,1,0,visible,"Sauce tomate, fromage, oignon verts, champignon, ananas, crème, olives",,,,taxable,,1,,,0,0,0.73,10,12,0.73,0,,,5000,Pizza,"Pizza terre",,,,,,,,,,,0,,,,,
7778,simple,4436,,Avédji,1,0,visible,"Sauce tomate, fromage, gboyébéssé, poisson fumé, tomate rondelle,",,,,taxable,,1,,,0,0,0.75,10,12,0.75,0,,,4500,Pizza,"Pizza terre",,,,,,,,,,,0,,,,,
7779,simple,4437,,Basilic,1,0,visible,"Sauce tomate, fromage, jambon, olives, basilic, huile d’olives",,,,taxable,,1,,,0,0,0.76,10,12,0.76,0,,,4500,Pizza,"Pizza terre",,,,,,,,,,,0,,,,,
7780,simple,4438,,Basquaise,1,0,visible,"Sauce tomate, fromage, blanc de poulet, oignon vert, olive noire, persil,",,,,taxable,,1,,,0,0,0.77,10,12,0.77,0,,,4500,Pizza,"Pizza terre",,,,,,,,,,,0,,,,,
7781,simple,4439,,Opéra,1,0,visible,"Sauce tomate, fromage, blanc de poulet, viande hachée, piment vert, olive, tomate, poivron",,,,taxable,,1,,,0,0,0.78,10,12,0.78,0,,,4500,Pizza,"Pizza terre",,,,,,,,,,,0,,,,,
7782,simple,4440,,"Du Chef",1,0,visible,"Sauce tomate, fromage, viande hachée, champignons, chorizo, oignon blanc, œuf, olives",,,,taxable,,1,,,0,0,0.79,10,12,0.79,0,,,5000,Pizza,"Pizza terre",,,,,,,,,,,0,,,,,
7783,simple,4441,,"TROPIC MENTHE",1,1,visible,"Jus de Mangue, passion, sirop de menthe",,,,taxable,,1,,,0,0,0.8,10,12,0.8,0,,,2500,"Cocktails / Boisson sans Alcool",Cocktails,,,,,,,,,,,0,,,,,
7784,simple,4426,,Sicilienne,1,0,visible,"Sauce tomate, fromage, viande hachée, oignons vert, olives, cheddar",,,,taxable,,1,,,0,0,0.65,10,12,0.65,0,,,4500,Pizza,"Pizza terre",,,,,,,,,,,0,,,,,
7785,simple,4427,,Méditerranéenne,1,0,visible,"Sauce tomate, fromage, merguez, oignon blanc, champignon, crème fraîche",,,,taxable,,1,,,0,0,0.66,10,12,0.66,0,,,4500,Pizza,"Pizza terre",,,,,,,,,,,0,,,,,
7786,simple,4428,,Orientale,1,0,visible,"Sauce tomate, fromage, jambon, oignon vert, ananas, champignon, merguez, oignon blanc, olives",,,,taxable,,1,,,0,0,0.67,10,12,0.67,0,,,4500,Pizza,"Pizza terre",,,,,,,,,,,0,,,,,
7787,simple,4416,,Reine,1,1,visible,"Sauce tomate, Jambon, Fromage, Olive, Champignon",,,,taxable,,1,,,0,0,0.55,10,12,0.55,0,,,4000,Pizza,Classiques,,,,,,,,,,,0,,,,,
7788,simple,4417,,Royale,1,1,visible,"Sauce tomate, Jambon, Fromage, Olive, Champignon, Œuf, Crème, Olive",,,,taxable,,1,,,0,0,0.56,10,12,0.56,0,,,4500,Pizza,Classiques,,,,,,,,,,,0,,,,,
7789,simple,4418,,Calzone,1,0,visible,"Royale fermé, vin blanc sec",,,,taxable,,1,,,0,0,0.57,10,12,0.57,0,,,5000,Pizza,Classiques,,,,,,,,,,,0,,,,,
7790,simple,4419,,Pêcheur,1,0,visible,"Sauce tomate, Thon, crevettes, calamar, moule, fromage, basilic, olives",,,,taxable,,1,,,0,0,0.58,10,12,0.58,0,,,5000,Pizza,Mer,,,,,,,,,,,0,,,,,
7791,simple,4420,,Paysanne,1,0,visible,"Fond crème, fromage, champignon, œuf, oignon, crevettes sautées, olives",,,,taxable,,1,,,0,0,0.59,10,12,0.59,0,,,5000,Pizza,Mer,,,,,,,,,,,0,,,,,
7792,simple,4421,,Océane,1,0,visible,"Sauce tomate, champignon, thon, oignon vert, fromage, olives",,,,taxable,,1,,,0,0,0.6,10,12,0.6,0,,,4500,Pizza,Mer,,,,,,,,,,,0,,,,,
7793,simple,4422,,Margharita,1,0,visible,"Sauce tomate, Fromage, olives",,,,taxable,,1,,,0,0,0.61,10,12,0.61,0,,,3000,Pizza,Végétarienne,,,,,,,,,,,0,,,,,
7794,simple,4423,,Forestière,1,0,visible,"Sauce tomate, fromage, champignon, olives",,,,taxable,,1,,,0,0,0.62,10,12,0.62,0,,,3500,Pizza,Végétarienne,,,,,,,,,,,0,,,,,
7795,simple,4424,,"4 Saisons",1,0,visible,"sauce tomate, fromage, poivrons, oignons blancs, fromage peul, champignon, olives",,,,taxable,,1,,,0,0,0.63,10,12,0.63,0,,,4500,Pizza,Végétarienne,,,,,,,,,,,0,,,,,
7796,simple,4425,,Végétarienne,1,0,visible,"Carotte, courgette, oignon, champignon, tomate, poivron, fromage, olives",,,,taxable,,1,,,0,0,0.64,10,12,0.64,0,,,4000,Pizza,Végétarienne,,,,,,,,,,,0,,,,,
7827,simple,4413,,"Ailerons frites + Salade",1,0,visible,,,,,taxable,,1,,,0,0,0.52,10,12,0.52,0,,,2500,Snack,,,,,,,,,,,,0,,,,,
7828,simple,4429,,Mexico,1,0,visible,"Sauce tomate, fromage, poivron, maïs doux, oignon blanc, viande hachée épicée, olives, haricot coco",,,,taxable,,1,,,0,0,0.68,10,12,0.68,0,,,5000,Pizza,"Pizza terre",,,,,,,,,,,0,,,,,
7829,simple,4400,,"œuf au plat",1,0,visible,,,,,taxable,,1,,,0,0,0.39,10,12,0.39,0,,,1000,"Petit déjeuner",Omelette,,,,,,,,,,,0,,,,,
7830,simple,4401,,"Omelette Nature",1,0,visible,,,,,taxable,,1,,,0,0,0.4,10,12,0.4,0,,,1000,Omelettes,Omelette,,,,,,,,,,,0,,,,,
7831,simple,4402,,"Omelette à l'espagnol",1,0,visible,,,,,taxable,,1,,,0,0,0.41,10,12,0.41,0,,,2000,Omelettes,Omelette,,,,,,,,,,,0,,,,,
7832,simple,4403,,"Omelette Jambon-fromage",1,0,visible,,,,,taxable,,1,,,0,0,0.42,10,12,0.42,0,,,2500,Omelettes,Omelette,,,,,,,,,,,0,,,,,
7833,simple,4404,,"Omelette aux légumes",1,0,visible,,,,,taxable,,1,,,0,0,0.43,10,12,0.43,0,,,1500,Omelettes,Omelette,,,,,,,,,,,0,,,,,
7834,simple,4405,,Hamburger,1,1,visible,,,,,taxable,,1,,,0,0,0.44,10,12,0.44,0,,,1500,Snack,,,,,,,,,,,,0,,,,,
7835,simple,4406,,Cheeseburger,1,0,visible,,,,,taxable,,1,,,0,0,0.45,10,12,0.45,0,,,2000,Snack,,,,,,,,,,,,0,,,,,
7836,simple,4408,,"Opéra burger",1,0,visible,"Nature+oeuf au plat",,,,taxable,,1,,,0,0,0.47,10,12,0.47,0,,,2000,Snack,,,,,,,,,,,,0,,,,,
7837,simple,4409,,"Hamburger + Frites+ Salade",1,0,visible,,,,,taxable,,1,,,0,0,0.48,10,12,0.48,0,,,2500,Snack,,,,,,,,,,,,0,,,,,
7838,simple,4410,,"Chawarma viande",1,0,visible,,,,,taxable,,1,,,0,0,0.49,10,12,0.49,0,,,1500,Snack,,,,,,,,,,,,0,,,,,
7839,simple,4411,,"Chawarma  poulet",1,1,visible,,,,,taxable,,1,,,0,0,0.5,10,12,0.5,0,,,1500,Snack,,,,,,,,,,,,0,,,,,
7840,simple,4412,,"Chawarma  frites+Salade",1,0,visible,,,,,taxable,,1,,,0,0,0.51,10,12,0.51,0,,,2500,Snack,,,,,,,,,,,,0,,,,,
7841,simple,4397,,"Panini Jane",1,0,visible,,,,,taxable,,1,,,0,0,0.36,10,12,0.36,0,,,1500,"Petite faim","Plats chauds",,,,,,,,,,,0,,,,,
7842,simple,4398,,"Panini Tarzan",1,0,visible,,,,,taxable,,1,,,0,0,0.37,10,12,0.37,0,,,2000,"Petite faim","Plats chauds",,,,,,,,,,,0,,,,,
7843,simple,4399,,"Panini Kala",1,0,visible,,,,,taxable,,1,,,0,0,0.38,10,12,0.38,0,,,2000,"Petite faim","Plats chauds",,,,,,,,,,,0,,,,,
7844,simple,4391,,"Spaghetti au poulet",1,0,visible,,,,,taxable,,1,,,0,0,0.3,10,12,0.3,0,,,4500,Déjeuner,"Plats chauds",,,,,,,,,,,0,,,,,
7845,simple,4392,,"Spaghetti Bolognaise",1,0,visible,,,,,taxable,,1,,,0,0,0.31,10,12,0.31,0,,,3500,Déjeuner,"Plats chauds",,,,,,,,,,,0,,,,,
7846,simple,4393,,"Sandwich aux œufs durs",1,0,visible,,,,,taxable,,1,,,0,0,0.32,10,12,0.32,0,,,1500,Déjeuner,"Plats chauds",,,,,,,,,,,0,,,,,
7847,simple,4394,,"Sandwich aux œufs brouillés",1,0,visible,,,,,taxable,,1,,,0,0,0.33,10,12,0.33,0,,,1500,Déjeuner,"Plats chauds",,,,,,,,,,,0,,,,,
7848,simple,4395,,"Sandwich au Jambon",1,0,visible,,,,,taxable,,1,,,0,0,0.34,10,12,0.34,0,,,2000,Déjeuner,"Plats chauds",,,,,,,,,,,0,,,,,
7849,simple,4396,,"Sandwich Jambon-fromage",1,0,visible,,,,,taxable,,1,,,0,0,0.35,10,12,0.35,0,,,2500,Déjeuner,"Plats chauds",,,,,,,,,,,0,,,,,
7850,simple,4377,,"¼ Poulet Braisé",1,0,visible,,,,,taxable,,1,,,0,0,0.16,10,12,0.16,0,,,3500,Viandes,"Plats chauds",,,,,,,,,,,0,,,,,
7851,simple,4379,,"Brochette de poulet au barbecue",1,0,visible,,,,,taxable,,1,,,0,0,0.18,10,12,0.18,0,,,4500,Volailles,"Plats chauds",,,,,,,,,,,0,,,,,
7852,simple,4380,,"Brochettes de bœuf au barbecue",1,0,visible,,,,,taxable,,1,,,0,0,0.19,10,12,0.19,0,,,3500,Viandes,"Plats chauds",,,,,,,,,,,0,,,,,
7853,simple,4381,,"Filet de Bœuf grillé à la basquaise",1,0,visible,,,,,taxable,,1,,,0,0,0.2,10,12,0.2,0,,,5000,Viandes,"Plats chauds",,,,,,,,,,,0,,,,,
7881,simple,4385,,"Poisson frais braisé aux épices du chef",1,0,visible,,,,,taxable,,1,,,0,0,0.24,10,12,0.24,0,,,5000,Poissons,"Plats chauds",,,,,,,,,,,0,,,,,
7882,simple,4366,,"PETIT DEJEUNER CONTINENTAL",1,0,visible,"Café ou Thé ou Chocolat chaud + Pain baguette + Croissant + Beurre + Confiture + Verre de jus frais (orange ou ananas)",,,,taxable,,1,,,0,0,0.5,10,12,0.5,0,,,3000,"Petit déjeuner","Petit déjeuner",,,,,,,,,,,0,,,,,
7883,simple,4386,,"Filet de poisson grillé sauce crème aux champignons",1,0,visible,,,,,taxable,,1,,,0,0,0.25,10,12,0.25,0,,,5000,Poissons,"Plats chauds",,,,,,,,,,,0,,,,,
7884,simple,4367,,"PETIT DEJEUNER AMERICAIN",1,0,visible,"Café ou Thé ou Chocolat chaud + Pain baguette + Croissant + Muffins + Confiture + Beurre + Fromage + plat domelette + Saucisses +Verre de jus frais (orange, ananas)",,,,taxable,,1,,,0,0,0.6,10,12,0.6,0,,,4000,"Petit déjeuner","Petit déjeuner",,,,,,,,,,,0,,,,,
7885,simple,4387,,"Filet de poisson pané, sauce basquaise",1,0,visible,,,,,taxable,,1,,,0,0,0.26,10,12,0.26,0,,,5000,Poissons,"Plats chauds",,,,,,,,,,,0,,,,,
7886,simple,4368,,"Salade OPERA",1,0,visible,"Laitue + carotte+ tomate+ cour de palmier+ filet de poisson+ huile d'olive+ oignon",,,,taxable,,1,,,0,0,0.7,10,12,0.7,0,,,3500,"Entrées Froides","Entrées froides",,,,,,,,,,,0,,,,,
7887,simple,4388,,"Moyo de Poisson",1,0,visible,,,,,taxable,,1,,,0,0,0.27,10,12,0.27,0,,,5500,Poissons,"Plats chauds",,,,,,,,,,,0,,,,,
7888,simple,4369,,"Salade verte",1,0,visible,"Laitue+ Tomate+ Oignon+ Olive noire",,,,taxable,,1,,,0,0,0.8,10,12,0.8,0,,,2000,"Entrées Froides","Entrées froides",,,,,,,,,,,0,,,,,
7889,simple,4389,,Sifio,1,0,visible,"Sifio (Bouillon de poisson à la sauce tomate + Pinon + Légumes)",,,,taxable,,1,,,0,0,0.28,10,12,0.28,0,,,10000,Poissons,"Plats chauds",,,,,,,,,,,0,,,,,
7890,simple,4370,,"Salade composée",1,0,visible,"Laitue+ Maïs+ œuf+ Tomate+ Poulet Concombre",,,,taxable,,1,,,0,0,0.9,10,12,0.9,0,,,3500,"Entrées Froides","Entrées froides",,,,,,,,,,,0,,,,,
7891,simple,4374,,"Soupe Jardinière",1,0,visible,"Fond de poulet, pomme de terre, oignon, carotte, Courgette, poivron",,,,taxable,,1,,,0,0,0.13,10,12,0.13,0,,,3000,"Entrées chaudes","Entrées chaudes",,,,,,,,,,,0,,,,,
7892,simple,4375,,"Soupe poissons",1,0,visible,"Darne de poisson, Carotte, Courgette, poivron, poireau, fine herbe",,,,taxable,,1,,,0,0,0.14,10,12,0.14,0,,,3500,"Entrées chaudes","Entrées chaudes",,,,,,,,,,,0,,,,,
7893,simple,4376,,"Soupe volailles",1,0,visible,"1/4 de poulet, Carotte, Courgette, Poivron",,,,taxable,,1,,,0,0,0.15,10,12,0.15,0,,,3500,"Entrées chaudes","Entrées chaudes",,,,,,,,,,,0,,,,,
7907,simple,,,Origin,-1,0,visible,,,,,taxable,,1,,,0,0,,,,,0,,,1500,"Bièrers importées",,,,,,,,,,,,0,,,,,
7908,simple,,,"Milk Shake CHOCOLAT",-1,0,visible,,,,,taxable,,1,,,0,0,,,,,0,,,3000,Milkshakes,,,,,,,,,,,,0,,,,,
7909,simple,,,SMIRNOFF,-1,0,visible,,,,,taxable,,1,,,0,0,,,,,0,,,1500,"Bièrers importées",,,,,,,,,,,,0,,,,,
7910,simple,,,"Milk Shake FRAISE",-1,0,visible,,,,,taxable,,1,,,0,0,,,,,0,,,3000,Milkshakes,,,,,,,,,,,,0,,,,,
7911,simple,,,"LAURENT PERRIER Brut",-1,0,visible,,,,,taxable,,1,,,0,0,,,,,0,,,45000,"Nos Champagnes",,,,,,,,,,,,0,,,,,
7912,simple,,,JB,-1,0,visible,,,,,taxable,,1,,,0,0,,,,,0,,,,Whiskies,,,,,,,,,,,,0,,,,,
7913,simple,,,"CATUS JACK",-1,0,visible,,,,,taxable,,1,,,0,0,,,,,0,,,4000,"Cocktails / Boisson Alcoolisées",,,,,,,,,,,,0,,,,,
7914,simple,,,BALLANTINES,-1,0,visible,,,,,taxable,,1,,,0,0,,,,,0,,,2500,Whiskies,,,,,,,,,,,,0,,,,,
7915,simple,,,7,-1,0,visible,,,,,taxable,,1,,,0,0,,,,,0,,,3000,"Cocktails / Boisson Alcoolisées",,,,,,,,,,,,0,,,,,
7916,simple,,,Sicilienne,-1,0,visible,,,,,taxable,,1,,,0,0,,,,,0,,,4500,Pizza,,,,,,,,,,,,0,,,,,
7917,simple,,,Méditerranéenne,-1,0,visible,,,,,taxable,,1,,,0,0,,,,,0,,,4500,Pizza,,,,,,,,,,,,0,,,,,
7918,simple,,,Orientale,-1,0,visible,,,,,taxable,,1,,,0,0,,,,,0,,,4500,Pizza,,,,,,,,,,,,0,,,,,
7919,simple,,,"Poulet Grillé à la togolaise",-1,0,visible,,,,,taxable,,1,,,0,0,,,,,0,,,5500,Volailles,,,,,,,,,,,,0,,,,,
7920,simple,,,"Brochette de poulet au barbecue",-1,0,visible,,,,,taxable,,1,,,0,0,,,,,0,,,4500,Volailles,,,,,,,,,,,,0,,,,,
7921,simple,,,"Brochettes de bœuf au barbecue",-1,0,visible,,,,,taxable,,1,,,0,0,,,,,0,,,3500,Viandes,,,,,,,,,,,,0,,,,,
7922,simple,,,"Filet de Bœuf grillé à la basquaise",-1,0,visible,,,,,taxable,,1,,,0,0,,,,,0,,,5000,Viandes,,,,,,,,,,,,0,,,,,
